{
  "dataset_path": "data/lsun_stream.csv",
  "loss_type": "pdce",
  "tensor_view": [
    -1,
    64,
    64
  ],
  "in_channels": 1,
  "number_layers": 10,
  "growth_rate": 12,
  "learning_rate": 0.00025,
  "threshold": 8.877675652503967,
  "gamma": 0.6109547136058741,
  "tao": 5.141601920127869,
  "b": 1.8680368661880493,
  "lambda_": 0.01,
  "std_coefficient": 0.25,
  "train_test_split": 6000
}