{"dataset_path": "data/lsun_stream.csv", "loss_type": "pdce", "tensor_view": [-1, 32, 32], "in_channels": 4, "number_layers": 12, "growth_rate": 16, "learning_rate": 0.0005, "threshold": 5.042080521583557, "gamma": 0.3232776902843443, "tao": 3.7429040670394897, "b": 0.6495882272720337, "lambda_": 0.01, "std_coefficient": 0.1, "train_test_split": 6000}