{"dataset_path": "data/cinic_stream.csv", "loss_type": "pdce", "tensor_view": [-1, 32, 32], "in_channels": 3, "number_layers": 10, "growth_rate": 12, "learning_rate": 0.0005, "threshold": 31.590046405792236, "gamma": 0.13202441588466599, "tao": 20.629157543182373, "b": 5.480444431304932, "lambda_": 0.01, "std_coefficient": 3.0, "train_test_split": 6000}