{
  "dataset_path": "data/cinic_stream.csv",
  "loss_type": "pdce",
  "tensor_view": [
    -1,
    32,
    32
  ],
  "in_channels": 3,
  "number_layers": 10,
  "growth_rate": 12,
  "learning_rate": 0.0005,
  "threshold": 23.813406467437744,
  "gamma": 0.09782097530845424,
  "tao": 14.752973079681396,
  "b": 4.530216693878174,
  "lambda_": 0.01,
  "std_coefficient": 0.25,
  "train_test_split": 6000
}